Página,Contenido,Pie,Tipo
21,25,0,Contenido
22,34,0,Contenido
23,33,0,Contenido
24,30,3,Contenido
25,28,5,Contenido
26,30,3,Contenido
27,30,3,Contenido
28,31,1,Contenido
29,32,1,Contenido
30,31,2,Contenido
31,31,2,Contenido
32,26,0,Contenido
33,23,0,Contenido
34,26,8,Contenido
35,33,0,Contenido
36,33,0,Contenido
37,33,0,Contenido
38,15,0,Contenido
39,27,0,Contenido
40,29,0,Contenido
41,32,0,Contenido
42,33,0,Contenido
43,30,0,Contenido
44,30,0,Contenido
45,31,0,Contenido
46,32,0,Contenido
47,9,0,Contenido
48,0,0,Contenido
49,25,0,Contenido
50,33,0,Contenido
51,33,0,Contenido
52,33,0,Contenido
53,29,0,Contenido
54,31,0,Contenido
55,29,0,Contenido
56,33,0,Contenido
57,27,4,Contenido
58,30,2,Contenido
59,27,3,Contenido
60,19,15,Contenido
61,31,0,Contenido
62,33,0,Contenido
63,24,0,Contenido
64,0,0,Contenido
65,24,0,Contenido
66,30,0,Contenido
67,31,1,Contenido
68,28,2,Contenido
69,33,0,Contenido
70,27,3,Contenido
71,33,0,Contenido
72,0,0,Contenido
73,24,0,Contenido
74,31,2,Contenido
75,32,1,Contenido
76,32,0,Contenido
77,30,0,Contenido
78,30,3,Contenido
79,33,0,Contenido
80,26,4,Contenido
81,31,2,Contenido
82,33,0,Contenido
83,30,0,Contenido
84,27,0,Contenido
85,27,0,Contenido
86,29,2,Contenido
87,26,4,Contenido
88,33,0,Contenido
89,28,0,Contenido
90,33,0,Contenido
91,20,15,Contenido
92,29,4,Contenido
93,30,3,Contenido
94,26,8,Contenido
95,30,0,Contenido
96,33,0,Contenido
97,31,0,Contenido
98,22,8,Contenido
99,33,0,Contenido
100,29,0,Contenido
101,29,0,Contenido
102,33,0,Contenido
103,32,0,Contenido
104,28,2,Contenido
105,33,0,Contenido
106,33,0,Contenido
107,30,2,Contenido
108,32,0,Contenido
109,32,0,Contenido
110,33,0,Contenido
111,31,0,Contenido
112,0,0,Contenido
113,24,0,Contenido
114,30,3,Contenido
115,33,0,Contenido
116,29,5,Contenido
117,28,0,Contenido
118,0,0,Contenido
119,26,0,Contenido
120,33,0,Contenido
121,33,0,Contenido
122,30,0,Contenido
123,26,0,Contenido
124,21,13,Contenido
125,29,0,Contenido
126,28,5,Contenido
127,19,16,Contenido
128,32,0,Contenido
129,32,1,Contenido
130,27,6,Contenido
131,33,0,Contenido
132,33,0,Contenido
133,32,0,Contenido
134,30,0,Contenido
135,33,0,Contenido
136,4,0,Contenido
137,26,0,Contenido
138,33,0,Contenido
139,23,0,Contenido
140,0,0,Contenido
141,25,0,Contenido
142,23,0,Contenido
143,1,0,Tabla
144,1,0,Tabla
145,1,0,Tabla
146,2,0,Tabla
147,1,0,Tabla
148,1,0,Tabla
149,1,7,Tabla
150,1,0,Tabla
151,1,0,Tabla
152,1,0,Tabla
153,1,0,Tabla
154,1,0,Tabla
155,1,0,Tabla
156,1,0,Tabla
157,1,,Tabla
158,1,0,Tabla
159,1,0,Tabla
160,2,0,Gráfico
161,2,0,Gráfico
162,2,0,Gráfico
163,2,0,Gráfico
164,2,0,Gráfico
165,8,0,Referencia
166,11,0,Referencia
167,10,0,Referencia
168,12,0,Referencia
169,10,0,Referencia
170,13,0,Referencia
171,11,0,Referencia
172,10,0,Referencia
173,12,0,Referencia
174,10,0,Referencia
175,11,0,Referencia
176,2,0,Referencia